Date&Time,TEMP,HUMI,CO2,STEMP,SWAT,SEC,PPF
2023-09-16 0:00:00,26.7,80,463,23.8,0,0,0
2023-09-16 1:00:00,26.2,79,477,23.5,0,0,0
2023-09-16 2:00:00,26.3,80,478,23.7,0,0,0
2023-09-16 3:00:00,26.3,80,486,23.6,0,0,0
2023-09-16 4:00:00,26.3,80,465,23.7,0,0,0
2023-09-16 5:00:00,26.1,80,451,23.5,0,0,0
2023-09-16 6:00:00,26.3,81,441,23.7,0,0,0
2023-09-16 7:00:00,26.9,81,419,24.6,0,0,3
2023-09-16 8:00:00,27.3,78,417,24.8,0,0,0
2023-09-16 9:00:00,28.1,78,411,26.3,0,0,188
2023-09-16 10:00:00,33.5,58,405,33.5,0,0,733
2023-09-16 11:00:00,33.3,59,410,30.7,0,0,188
2023-09-16 12:00:00,32,66,416,28.1,0,0,19
2023-09-16 13:00:00,30.6,72,430,28,0,0,24
2023-09-16 14:00:00,30.1,74,419,27,0,0,14
2023-09-16 15:00:00,29.4,76,431,26.8,0,0,2
2023-09-16 16:00:00,28.8,77,438,25.9,0,0,0
2023-09-16 17:00:00,27.8,74,422,24.5,0,0,0
2023-09-16 18:00:00,27.7,77,424,24.9,0,0,0
2023-09-16 19:00:00,27,78,432,24.4,0,0,0
2023-09-16 20:00:00,26.9,79,445,24.2,0,0,0
2023-09-16 21:00:00,26.8,79,446,24.1,0,0,0
2023-09-16 22:00:00,26.8,80,456,24.1,0,0,0
2023-09-16 23:00:00,26.8,80,466,24.2,0,0,0
2023-09-17 0:00:00,26.8,80,465,24,0,0,0
2023-09-17 1:00:00,26.7,80,461,24,0,0,0
2023-09-17 2:00:00,26.5,80,472,23.8,0,0,0
2023-09-17 3:00:00,26.4,80,462,23.7,0,0,0
2023-09-17 4:00:00,26.2,80,462,23.5,0,0,0
2023-09-17 5:00:00,26.2,80,469,23.6,0,0,0
2023-09-17 6:00:00,26,80,478,23.2,0,0,0
2023-09-17 7:00:00,26,80,493,23.5,0,0,9
2023-09-17 8:00:00,27.4,78,453,25.5,0,0,60
2023-09-17 9:00:00,29.6,69,436,27.6,0,0,138
2023-09-17 10:00:00,31.7,61,413,29.8,0,0,198
2023-09-17 11:00:00,31.2,63,418,28.9,0,0,89
2023-09-17 12:00:00,32.5,58,419,30.1,0,0,94
2023-09-17 13:00:00,32.5,58,411,29.8,0,0,85
2023-09-17 14:00:00,33,57,401,30.5,0,0,97
2023-09-17 15:00:00,33.3,56,404,30.1,0,0,64
2023-09-17 16:00:00,32.8,57,400,29.7,0,0,33
2023-09-17 17:00:00,30.5,65,409,27,0,0,6
2023-09-17 18:00:00,29.8,70,421,26.9,0,0,9
2023-09-17 19:00:00,28,73,424,24.9,0,0,0
2023-09-17 20:00:00,27.1,76,440,24.4,0,0,0
2023-09-17 21:00:00,27.2,77,419,24.5,0,0,0
2023-09-17 22:00:00,27.1,78,444,24.4,0,0,0
2023-09-17 23:00:00,27,79,442,24.2,0,0,0
2023-09-18 0:00:00,27,79,435,24.3,0,0,0
2023-09-18 1:00:00,26.9,79,433,24.2,0,0,0
2023-09-18 2:00:00,26.8,79,447,24,0,0,0
2023-09-18 3:00:00,26.1,79,458,23.4,0,0,0
2023-09-18 4:00:00,25.3,79,475,22.7,0,0,0
2023-09-18 5:00:00,25.1,79,479,22.5,0,0,0
2023-09-18 6:00:00,25.5,80,484,22.9,0,0,0
2023-09-18 7:00:00,26.1,80,474,24,0,0,54
2023-09-18 8:00:00,27.7,75,447,25.7,0,0,136
2023-09-18 9:00:00,31.5,62,436,30.9,0,0,855
2023-09-18 10:00:00,36.2,44,422,35.1,0,0,793
2023-09-18 11:00:00,34.7,50,422,31.9,0,0,378
2023-09-18 12:00:00,39,38,418,37.7,0,0,1351
2023-09-18 13:00:00,40.9,34,420,36.6,0,0,1224
2023-09-18 14:00:00,36.6,42,420,34,0,0,208
2023-09-18 15:00:00,35.5,44,415,32.2,0,0,45
2023-09-18 16:00:00,34.7,46,416,31.2,0,0,94
2023-09-18 17:00:00,32.6,51,417,29.6,0,0,31
2023-09-18 18:00:00,30.9,59,419,27.7,0,0,0
2023-09-18 19:00:00,29.4,66,415,26.4,0,0,0
2023-09-18 20:00:00,28.7,70,447,25.5,0,0,0
2023-09-18 21:00:00,27.8,73,456,24.9,0,0,0
2023-09-18 22:00:00,27.3,75,463,24.6,0,0,0
2023-09-18 23:00:00,27.1,75,463,24.3,0,0,0
2023-09-19 0:00:00,26.9,76,464,24.1,0,0,0
2023-09-19 1:00:00,26.8,77,459,24.1,0,0,0
2023-09-19 2:00:00,26.8,78,468,24.2,0,0,0
2023-09-19 3:00:00,26.5,77,472,23.8,0,0,0
2023-09-19 4:00:00,25.7,76,458,22.8,0,0,0
2023-09-19 5:00:00,25.1,78,462,22.5,0,0,0
2023-09-19 6:00:00,24.8,77,466,22,0,0,0
2023-09-19 7:00:00,24.8,78,472,22.5,0,0,17
2023-09-19 8:00:00,27.1,71,423,25.2,0,0,84
2023-09-19 9:00:00,28.7,65,420,26.1,0,0,75
2023-09-19 10:00:00,30.3,58,431,28.9,0,0,308
2023-09-19 11:00:00,32.8,49,428,30.8,0,0,268
2023-09-19 12:00:00,33.9,41,420,31.3,0,0,249
2023-09-19 13:00:00,32.1,47,411,29,0,0,87
2023-09-19 14:00:00,33.8,44,417,31.2,0,0,79
2023-09-19 15:00:00,34.3,45,413,31.8,0,0,229
2023-09-19 16:00:00,33.4,46,410,31.3,0,0,146
2023-09-19 17:00:00,31.4,53,412,28.9,0,0,23
2023-09-19 18:00:00,29.7,61,430,26.7,0,0,0
2023-09-19 19:00:00,28.7,67,447,25.7,0,0,0
2023-09-19 20:00:00,28,71,456,25.1,0,0,0
2023-09-19 21:00:00,27.5,73,456,24.6,0,0,0
2023-09-19 22:00:00,27.1,75,474,24.4,0,0,0
2023-09-19 23:00:00,27,75,488,24.2,0,0,0
2023-09-20 0:00:00,26.8,75,482,24.1,0,0,0
2023-09-20 1:00:00,26.6,75,468,23.8,0,0,0
2023-09-20 2:00:00,26.4,76,479,23.6,0,0,0
2023-09-20 3:00:00,26.3,76,480,23.6,0,0,0
2023-09-20 4:00:00,26.2,77,483,23.6,0,0,0
2023-09-20 5:00:00,26.2,77,476,23.5,0,0,0
2023-09-20 6:00:00,26,77,473,23.2,0,0,0
2023-09-20 7:00:00,25.5,75,464,22.8,0,0,0
2023-09-20 8:00:00,25.9,77,479,23.8,0,0,5
2023-09-20 9:00:00,27.2,73,474,24.9,0,0,67
2023-09-20 10:00:00,27.3,70,430,24.6,0,0,2
2023-09-20 11:00:00,27.5,73,445,24.4,0,0,16
2023-09-20 12:00:00,28,74,465,25.5,0,0,28
2023-09-20 13:00:00,27.4,73,437,25,0,0,15
2023-09-20 14:00:00,27.2,74,443,24.3,0,0,1
2023-09-20 15:00:00,27.1,75,457,24.4,0,0,5
2023-09-20 16:00:00,27.3,76,472,24.5,0,0,5
2023-09-20 17:00:00,27.2,76,457,24.4,0,0,0
2023-09-20 18:00:00,26.9,77,410,23.8,0,0,0
2023-09-20 19:00:00,27.5,77,409,24.9,0,0,0
2023-09-20 20:00:00,27.2,78,410,24.3,0,0,0
2023-09-20 21:00:00,26.8,78,420,24,0,0,0
2023-09-20 22:00:00,26.5,79,423,23.9,0,0,0
2023-09-20 23:00:00,26.3,78,424,23.4,0,0,0
2023-09-21 0:00:00,26.2,79,427,23.6,0,0,0
2023-09-21 1:00:00,25.7,78,408,22.9,0,0,0
2023-09-21 2:00:00,25.5,78,412,22.8,0,0,0
2023-09-21 3:00:00,25.2,78,411,22.6,0,0,0
2023-09-21 4:00:00,24.9,78,418,22.4,0,0,0
2023-09-21 5:00:00,24.8,77,408,22.2,0,0,0
2023-09-21 6:00:00,23.8,76,408,21,0,0,0
2023-09-21 7:00:00,23,77,401,20.8,0,0,40
2023-09-21 8:00:00,24.6,70,413,21.6,0,0,125
2023-09-21 9:00:00,24.1,73,408,22.4,0,0,258
2023-09-21 10:00:00,25,69,403,22.7,0,0,189
2023-09-21 11:00:00,26.7,63,403,23.9,0,0,156
2023-09-21 12:00:00,27.4,62,406,26.4,0,0,550
2023-09-21 13:00:00,27.9,60,402,25.5,0,0,215
2023-09-21 14:00:00,29.5,57,400,27.7,0,0,411
2023-09-21 15:00:00,28.8,56,395,26.2,0,0,190
2023-09-21 16:00:00,28,59,389,25.8,0,0,205
2023-09-21 17:00:00,26.2,64,394,23.4,0,0,6
2023-09-21 18:00:00,25.5,67,403,23,0,0,0
2023-09-21 19:00:00,25,68,402,22.5,0,0,0
2023-09-21 20:00:00,24.7,68,397,21.8,0,0,0
2023-09-21 21:00:00,23.2,74,418,20.4,0,0,0
2023-09-21 22:00:00,22.8,74,415,20.1,0,0,0
2023-09-21 23:00:00,22.2,75,431,19.5,0,0,0
2023-09-22 0:00:00,21.5,75,448,18.8,0,0,0
2023-09-22 1:00:00,21,77,437,18.2,0,0,0
2023-09-22 2:00:00,21.1,77,443,18.6,0,0,0
2023-09-22 3:00:00,21.7,78,458,19.3,0,0,0
2023-09-22 4:00:00,22.1,77,435,19.5,0,0,0
2023-09-22 5:00:00,22.1,77,439,19.3,0,0,0
2023-09-22 6:00:00,22.1,77,454,19.3,0,0,0
2023-09-22 7:00:00,22.6,76,430,20.4,0,0,49
2023-09-22 8:00:00,23,72,434,21.1,0,0,179
2023-09-22 9:00:00,25,64,423,24.9,0,0,445
2023-09-22 10:00:00,28.1,54,423,28.2,0,0,309
2023-09-22 11:00:00,30.2,47,418,27.2,0,0,510
2023-09-22 12:00:00,31.2,45,411,29.2,0,0,478
2023-09-22 13:00:00,31.7,45,405,31.2,0,0,1172
2023-09-22 14:00:00,34.7,34,413,31.4,0,0,652
2023-09-22 15:00:00,35,33,412,34.3,0,0,742
2023-09-22 16:00:00,34.3,35,410,31.6,0,0,402
2023-09-22 17:00:00,29.5,44,404,26.8,0,0,107
2023-09-22 18:00:00,26.4,54,415,23.2,0,0,5
2023-09-22 19:00:00,23.5,64,431,20.4,0,0,0
2023-09-22 20:00:00,22.6,69,446,20,0,0,0
2023-09-22 21:00:00,21.8,71,451,19,0,0,0
2023-09-22 22:00:00,21.3,73,459,18.5,0,0,0
2023-09-22 23:00:00,21,74,462,18.2,0,0,0
2023-09-23 0:00:00,20.7,74,449,17.9,0,0,0
2023-09-23 1:00:00,20,74,452,17.1,0,0,0
2023-09-23 2:00:00,19.6,75,445,16.9,0,0,0
2023-09-23 3:00:00,19.3,75,442,16.6,0,0,0
2023-09-23 4:00:00,18.9,75,444,16.2,0,0,0
2023-09-23 5:00:00,18.9,75,442,16.3,0,0,0
2023-09-23 6:00:00,18.9,76,440,16.3,0,0,0
2023-09-23 7:00:00,19.5,76,441,17.2,0,0,33
2023-09-23 8:00:00,21.8,71,435,20.2,0,0,131
2023-09-23 9:00:00,25.7,56,424,25.4,0,0,564
2023-09-23 10:00:00,28.4,49,422,27.7,0,0,482
2023-09-23 11:00:00,29.8,44,407,27.3,0,0,501
2023-09-23 12:00:00,33.3,35,405,30.9,0,0,553
2023-09-23 13:00:00,32,37,393,29,0,0,314
2023-09-23 14:00:00,35.3,24,400,32,0,0,414
2023-09-23 15:00:00,30.5,35,391,27.7,0,0,162
2023-09-23 16:00:00,33.9,30,401,30.1,0,0,146
2023-09-23 17:00:00,27.8,53,409,24.6,0,0,67
2023-09-23 18:00:00,25.8,61,413,23.4,0,0,10
2023-09-23 19:00:00,24.3,67,418,21.4,0,0,0
2023-09-23 20:00:00,23.1,70,435,20.3,0,0,0
2023-09-23 21:00:00,22.2,71,418,19.5,0,0,0
2023-09-23 22:00:00,21.4,73,409,18.7,0,0,0
2023-09-23 23:00:00,20.8,73,423,18.2,0,0,0
2023-09-24 0:00:00,20.4,74,428,17.7,0,0,0
2023-09-24 1:00:00,19.9,74,428,17.2,0,0,0
2023-09-24 2:00:00,19.6,74,429,17,0,0,0
2023-09-24 3:00:00,19.1,74,425,16.5,0,0,0
2023-09-24 4:00:00,18.7,74,426,16,0,0,0
2023-09-24 5:00:00,18.4,74,441,15.6,0,0,0
2023-09-24 6:00:00,18.1,75,445,15.5,0,0,0
2023-09-24 7:00:00,18.8,76,446,16.7,0,0,35
2023-09-24 8:00:00,21.9,70,420,20.2,0,0,99
2023-09-24 9:00:00,27.8,47,413,28.4,0,0,721
2023-09-24 10:00:00,30.4,39,414,31,0,0,542
2023-09-24 11:00:00,31.8,38,406,29.9,0,0,297
2023-09-24 12:00:00,34,34,403,32.1,0,0,368
2023-09-24 13:00:00,36.1,31,408,33.2,0,0,822
2023-09-24 14:00:00,33.3,37,407,30.6,0,0,159
2023-09-24 15:00:00,31,43,409,28.1,0,0,42
2023-09-24 16:00:00,30.8,42,409,27.6,0,0,22
2023-09-24 17:00:00,28.9,45,404,26.1,0,0,17
2023-09-24 18:00:00,27.2,49,413,24.4,0,0,0
2023-09-24 19:00:00,26,57,424,23,0,0,0
2023-09-24 20:00:00,25.1,61,420,22.2,0,0,0
2023-09-24 21:00:00,24.9,62,427,22.3,0,0,0
2023-09-24 22:00:00,24.4,64,429,21.7,0,0,0
2023-09-24 23:00:00,24.1,66,433,21.5,0,0,0
2023-09-25 0:00:00,23.9,67,427,21.2,0,0,0
2023-09-25 1:00:00,23.8,69,433,21.2,0,0,0
2023-09-25 2:00:00,23.7,69,439,21.1,0,0,0
2023-09-25 3:00:00,23.4,71,438,20.8,0,0,0
2023-09-25 4:00:00,23.4,72,445,20.9,0,0,0
2023-09-25 5:00:00,23.4,72,441,20.9,0,0,0
2023-09-25 6:00:00,23.4,73,448,20.7,0,0,0
2023-09-25 7:00:00,23.5,75,469,21,0,0,0
2023-09-25 8:00:00,23.6,73,446,21.2,0,0,12
2023-09-25 9:00:00,25,66,424,22.7,0,0,34
2023-09-25 10:00:00,27.7,54,421,25.5,0,0,144
2023-09-25 11:00:00,29.1,51,406,26.7,0,0,100
2023-09-25 12:00:00,30.9,46,397,29.4,0,0,314
2023-09-25 13:00:00,30.9,44,408,28.3,0,0,205
2023-09-25 14:00:00,32.9,42,401,30.8,0,0,110
2023-09-25 15:00:00,31.7,49,397,29.5,0,0,63
2023-09-25 16:00:00,29.7,51,401,27.2,0,0,25
2023-09-25 17:00:00,29.1,55,404,26.1,0,0,10
2023-09-25 18:00:00,27.7,61,421,24.9,0,0,0
2023-09-25 19:00:00,26.8,65,436,23.8,0,0,0
2023-09-25 20:00:00,26.1,70,446,23.3,0,0,0
2023-09-25 21:00:00,25.9,74,457,23.1,0,0,0
2023-09-25 22:00:00,25.6,76,450,22.7,0,0,0
2023-09-25 23:00:00,25.1,77,430,22.5,0,0,0
2023-09-26 0:00:00,25.1,77,429,22.3,0,0,0
2023-09-26 1:00:00,25.2,77,427,22.4,0,0,0
2023-09-26 2:00:00,24.9,77,419,22.3,0,0,0
2023-09-26 3:00:00,24.8,77,425,22.2,0,0,0
2023-09-26 4:00:00,24.9,78,440,22.2,0,0,0
2023-09-26 5:00:00,24.9,78,446,22.2,0,0,0
2023-09-26 6:00:00,24.8,78,454,22.1,0,0,0
2023-09-26 7:00:00,24.5,78,423,22,0,0,0
2023-09-26 8:00:00,24.4,79,432,22.3,0,0,3
2023-09-26 9:00:00,25.2,78,448,22.7,0,0,25
2023-09-26 10:00:00,25.9,77,444,23.5,0,0,51
2023-09-26 11:00:00,27.2,73,430,24.8,0,0,88
2023-09-26 12:00:00,27.6,74,422,25.5,0,0,76
2023-09-26 13:00:00,27,75,428,24.6,0,0,33
2023-09-26 14:00:00,27.3,74,408,25,0,0,93
2023-09-26 15:00:00,27.3,72,413,25.2,0,0,61
2023-09-26 16:00:00,27.5,71,407,25.2,0,0,55
2023-09-26 17:00:00,26.7,76,419,24.5,0,0,29
2023-09-26 18:00:00,26.5,76,435,23.6,0,0,0
2023-09-26 19:00:00,25.6,78,430,22.9,0,0,0
2023-09-26 20:00:00,25.5,79,444,23,0,0,0
2023-09-26 21:00:00,25.3,78,412,22.6,0,0,0
2023-09-26 22:00:00,25.3,79,439,22.6,0,0,0
2023-09-26 23:00:00,25.1,79,437,22.2,0,0,0
2023-09-27 0:00:00,25.1,79,443,22.3,0,0,0
2023-09-27 1:00:00,25.3,79,439,22.6,0,0,0
2023-09-27 2:00:00,25.1,79,415,22.4,0,0,0
2023-09-27 3:00:00,24.9,80,402,22.5,0,0,0
2023-09-27 4:00:00,24.9,79,410,22.3,0,0,0
2023-09-27 5:00:00,24.9,79,411,22.2,0,0,0
2023-09-27 6:00:00,24.8,79,414,22.1,0,0,0
2023-09-27 7:00:00,24.6,80,414,22.2,0,0,13
2023-09-27 8:00:00,25.4,78,421,23.2,0,0,25
2023-09-27 9:00:00,26.2,74,415,24.2,0,0,118
2023-09-27 10:00:00,27.2,71,428,24.5,0,0,37
2023-09-27 11:00:00,26.9,74,414,24.6,0,0,59
2023-09-27 12:00:00,27.2,71,413,25.2,0,0,101
2023-09-27 13:00:00,28.1,65,421,26.1,0,0,142
2023-09-27 14:00:00,28.8,64,414,25.8,0,0,40
2023-09-27 15:00:00,28.9,63,411,26.7,0,0,138
2023-09-27 16:00:00,27.8,65,406,25.3,0,0,58
2023-09-27 17:00:00,27.6,66,416,24.8,0,0,12
2023-09-27 18:00:00,26,71,407,23.2,0,0,0
2023-09-27 19:00:00,25.3,73,414,22.6,0,0,0
2023-09-27 20:00:00,24.7,76,405,22.3,0,0,0
2023-09-27 21:00:00,24.7,77,403,22,0,0,0
2023-09-27 22:00:00,24.6,78,407,21.9,0,0,0
2023-09-27 23:00:00,24.7,79,426,22,0,0,0
2023-09-28 0:00:00,24.7,79,437,22.2,0,0,0
2023-09-28 1:00:00,24.5,79,443,21.9,0,0,0
2023-09-28 2:00:00,24.4,79,436,21.8,0,0,0
2023-09-28 3:00:00,24.2,80,446,21.6,0,0,0
2023-09-28 4:00:00,24.1,79,449,21.4,0,0,0
2023-09-28 5:00:00,24.3,80,455,21.7,0,0,0
2023-09-28 6:00:00,24.4,80,447,21.8,0,0,0
2023-09-28 7:00:00,24.6,79,449,22.2,0,0,15
2023-09-28 8:00:00,25.3,75,406,23.1,0,0,59
2023-09-28 9:00:00,27.3,67,412,24.9,0,0,121
2023-09-28 10:00:00,28.8,59,413,26.8,0,0,247
2023-09-28 11:00:00,31.9,52,422,30.9,0,0,501
2023-09-28 12:00:00,34.6,39,422,34.9,0,0,1227
2023-09-28 13:00:00,32.4,44,420,29.1,0,0,148
2023-09-28 14:00:00,32.7,46,415,32,0,0,199
2023-09-28 15:00:00,33.6,44,422,31.4,0,0,160
2023-09-28 16:00:00,32.1,49,422,29.7,0,0,131
2023-09-28 17:00:00,29.1,54,428,26.7,0,0,53
2023-09-28 18:00:00,27,60,426,24.5,0,0,0
2023-09-28 19:00:00,25.8,66,436,23.2,0,0,0
2023-09-28 20:00:00,25.2,71,435,22.4,0,0,0
2023-09-28 21:00:00,24.7,73,440,21.8,0,0,0
2023-09-28 22:00:00,24,75,471,21.3,0,0,0
2023-09-28 23:00:00,22.8,77,470,20.5,0,0,0
2023-09-29 0:00:00,22.1,78,471,19.7,0,0,0
2023-09-29 1:00:00,21.7,78,473,19.4,0,0,0
2023-09-29 2:00:00,21.3,78,494,18.8,0,0,0
2023-09-29 3:00:00,21.2,79,468,18.9,0,0,0
2023-09-29 4:00:00,21.9,80,463,19.6,0,0,0
2023-09-29 5:00:00,21.5,79,476,19,0,0,0
2023-09-29 6:00:00,21.4,77,462,18.9,0,0,0
2023-09-29 7:00:00,22.2,79,470,19.9,0,0,14
2023-09-29 8:00:00,23.9,70,447,22.3,0,0,148
2023-09-29 9:00:00,27.3,57,445,26.2,0,0,589
2023-09-29 10:00:00,30.4,49,447,29.3,0,0,387
2023-09-29 11:00:00,29.8,50,450,28.6,0,0,277
2023-09-29 12:00:00,28.5,55,443,27.3,0,0,212
2023-09-29 13:00:00,29.3,54,440,27.4,0,0,202
2023-09-29 14:00:00,29.8,51,437,28,0,0,202
2023-09-29 15:00:00,30.7,46,433,28.6,0,0,171
2023-09-29 16:00:00,29.9,44,439,26.9,0,0,73
2023-09-29 17:00:00,27.6,52,433,24.7,0,0,29
2023-09-29 18:00:00,26.1,63,448,23.3,0,0,0
2023-09-29 19:00:00,23.7,71,457,20.9,0,0,0
2023-09-29 20:00:00,22.7,74,465,20.3,0,0,0
2023-09-29 21:00:00,22.6,75,473,20.1,0,0,0
2023-09-29 22:00:00,22.2,77,486,19.9,0,0,0
2023-09-29 23:00:00,22.2,77,477,19.8,0,0,0
2023-09-30 0:00:00,22.1,77,475,19.7,0,0,0
2023-09-30 1:00:00,22.1,77,472,19.6,0,0,0
2023-09-30 2:00:00,22.9,76,479,20.3,0,0,0
2023-09-30 3:00:00,22.7,77,489,19.9,0,0,0
2023-09-30 4:00:00,22.4,77,498,19.7,0,0,0
2023-09-30 5:00:00,21.9,77,503,19.2,0,0,0
2023-09-30 6:00:00,21.8,77,507,19.2,0,0,0
2023-09-30 7:00:00,21.7,77,507,19.1,0,0,7
2023-09-30 8:00:00,23,67,428,20,0,0,86
2023-09-30 9:00:00,22.6,67,412,20.5,0,0,129
2023-09-30 10:00:00,28.6,44,425,28.3,0,0,796
2023-09-30 11:00:00,29.1,43,424,29.5,0,0,557
2023-09-30 12:00:00,30.8,41,424,28.6,0,0,306
2023-09-30 13:00:00,32.4,38,414,32.3,0,0,277
2023-09-30 14:00:00,30,43,417,28.9,0,0,211
2023-09-30 15:00:00,28.8,45,410,26.9,0,0,129
2023-09-30 16:00:00,28.4,45,412,26.5,0,0,110
2023-09-30 17:00:00,26.4,54,406,23.7,0,0,20
2023-09-30 18:00:00,24.2,62,407,21.3,0,0,0
2023-09-30 19:00:00,23.4,67,418,20.2,0,0,0
2023-09-30 20:00:00,22.3,74,427,19.7,0,0,0
2023-09-30 21:00:00,22.4,76,431,19.9,0,0,0
2023-09-30 22:00:00,22.2,75,438,19.7,0,0,0
2023-09-30 23:00:00,22.1,76,432,19.6,0,0,0
2023-10-01 0:00:00,22.2,77,446,19.9,0,0,0
2023-10-01 1:00:00,21.9,78,453,19.5,0,0,0
2023-10-01 2:00:00,21.8,77,465,19.2,0,0,0
2023-10-01 3:00:00,21.2,78,477,18.7,0,0,0
2023-10-01 4:00:00,20.5,77,491,17.8,0,0,0
2023-10-01 5:00:00,19.4,77,502,16.9,0,0,0
2023-10-01 6:00:00,18.6,76,507,16.2,0,0,0
2023-10-01 7:00:00,18.8,76,516,16.9,0,0,20
2023-10-01 8:00:00,21.3,71,441,18.9,0,0,82
2023-10-01 9:00:00,25.4,54,443,24.3,0,0,649
2023-10-01 10:00:00,27.4,46,430,25.5,0,0,123
2023-10-01 11:00:00,26.5,38,417,25,0,0,131
2023-10-01 12:00:00,28.2,35,422,26.8,0,0,146
2023-10-01 13:00:00,28.9,30,422,27.3,0,0,78
2023-10-01 14:00:00,28.5,27,418,26.9,0,0,56
2023-10-01 15:00:00,28.4,26,422,26.3,0,0,37
2023-10-01 16:00:00,27.6,28,409,25,0,0,21
2023-10-01 17:00:00,26,32,414,23.5,0,0,2
2023-10-01 18:00:00,23.4,45,429,20.1,0,0,0
2023-10-01 19:00:00,19.8,62,434,17,0,0,0
2023-10-01 20:00:00,18.5,68,438,16,0,0,0
2023-10-01 21:00:00,17.4,70,443,14.9,0,0,0
2023-10-01 22:00:00,17,73,444,14.7,0,0,0
2023-10-01 23:00:00,16.6,73,447,14.1,0,0,0
2023-10-02 0:00:00,16.1,73,438,13.5,0,0,0
2023-10-02 1:00:00,16.2,75,442,13.8,0,0,0
2023-10-02 2:00:00,15.9,75,460,13.5,0,0,0
2023-10-02 3:00:00,15.9,75,464,13.5,0,0,0
2023-10-02 4:00:00,16.4,76,470,14,0,0,0
2023-10-02 5:00:00,16.2,75,475,13.8,0,0,0
2023-10-02 6:00:00,15.7,75,476,13.2,0,0,0
2023-10-02 7:00:00,15.9,74,483,13.5,0,0,9
2023-10-02 8:00:00,19.5,66,434,17,0,0,76
2023-10-02 9:00:00,24,49,425,23.8,0,0,644
2023-10-02 10:00:00,28.4,36,433,29.8,0,0,1023
2023-10-02 11:00:00,28.6,33,439,25.7,0,0,223
2023-10-02 12:00:00,28.2,30,429,25.8,0,0,104
2023-10-02 13:00:00,29.3,29,431,27.1,0,0,75
2023-10-02 14:00:00,29.3,29,429,26.7,0,0,54
2023-10-02 15:00:00,28.8,30,419,26.2,0,0,34
2023-10-02 16:00:00,28.7,29,420,26.2,0,0,73
2023-10-02 17:00:00,26.5,36,424,23.6,0,0,21
2023-10-02 18:00:00,22.8,50,432,20,0,0,0
2023-10-02 19:00:00,21,66,452,18,0,0,0
2023-10-02 20:00:00,20.1,69,450,17.5,0,0,0
2023-10-02 21:00:00,19.5,69,447,16.8,0,0,0
2023-10-02 22:00:00,19.1,71,455,16.3,0,0,0
2023-10-02 23:00:00,18.8,71,455,16,0,0,0
2023-10-03 0:00:00,18.3,73,463,15.6,0,0,0
2023-10-03 1:00:00,18.3,73,467,15.5,0,0,0
2023-10-03 2:00:00,17.9,73,481,15.1,0,0,0
2023-10-03 3:00:00,17.4,73,486,14.7,0,0,0
2023-10-03 4:00:00,17.2,74,489,14.6,0,0,0
2023-10-03 5:00:00,17.3,74,493,14.7,0,0,0
2023-10-03 6:00:00,17.8,75,503,15.2,0,0,0
2023-10-03 7:00:00,18.6,76,507,16.2,0,0,0
2023-10-03 8:00:00,21.1,74,505,19.9,0,0,69
2023-10-03 9:00:00,25.7,61,480,24.3,0,0,235
2023-10-03 10:00:00,26.4,43,427,24.7,0,0,147
2023-10-03 11:00:00,25.1,53,424,22.1,0,0,71
2023-10-03 12:00:00,22.7,61,423,19.8,0,0,14
2023-10-03 13:00:00,25.9,62,431,24.4,0,0,82
2023-10-03 14:00:00,26.9,63,434,23.9,0,0,57
2023-10-03 15:00:00,27.5,65,424,24.8,0,0,98
2023-10-03 16:00:00,25.4,51,409,22.5,0,0,40
2023-10-03 17:00:00,26,50,407,23.7,0,0,45
2023-10-03 18:00:00,23,61,422,19.2,0,0,0
2023-10-03 19:00:00,19.9,72,425,17.2,0,0,0
2023-10-03 20:00:00,19.1,74,446,16.5,0,0,0
2023-10-03 21:00:00,18.4,75,455,16,0,0,0
2023-10-03 22:00:00,17.9,75,452,15.5,0,0,0
2023-10-03 23:00:00,17.5,75,468,14.9,0,0,0
2023-10-04 0:00:00,17.1,75,477,14.6,0,0,0
2023-10-04 1:00:00,16.7,75,480,14.2,0,0,0
2023-10-04 2:00:00,16.4,76,492,13.8,0,0,0
2023-10-04 3:00:00,16,75,488,13.6,0,0,0
2023-10-04 4:00:00,15.6,76,494,13.2,0,0,0
2023-10-04 5:00:00,15.7,76,490,13.3,0,0,0
2023-10-04 6:00:00,15.7,76,502,13.2,0,0,0
2023-10-04 7:00:00,16.4,76,500,14.2,0,0,22
2023-10-04 8:00:00,20.1,73,492,19.1,0,0,99
2023-10-04 9:00:00,25.5,51,449,27.4,0,0,301
2023-10-04 10:00:00,28.7,39,439,29.3,0,0,932
2023-10-04 11:00:00,30.1,39,425,30.3,0,0,978
2023-10-04 12:00:00,28.6,43,414,26.8,0,0,133
2023-10-04 13:00:00,28.6,43,413,26.1,0,0,73
2023-10-04 14:00:00,27.8,44,417,26,0,0,51
2023-10-04 15:00:00,28.6,40,420,26,0,0,37
2023-10-04 16:00:00,27.8,46,425,25,0,0,12
2023-10-04 17:00:00,25.7,48,421,23,0,0,0
2023-10-04 18:00:00,23.8,55,430,21.4,0,0,0
2023-10-04 19:00:00,23.1,62,419,20.6,0,0,0
2023-10-04 20:00:00,22.6,67,427,19.9,0,0,0
2023-10-04 21:00:00,22.7,66,413,20.4,0,0,0
2023-10-04 22:00:00,22.8,70,421,19.9,0,0,0
2023-10-04 23:00:00,22.4,74,432,19.4,0,0,0
2023-10-05 0:00:00,21.7,75,441,18.8,0,0,0
2023-10-05 1:00:00,20.9,75,453,18.1,0,0,0
2023-10-05 2:00:00,19.8,74,467,16.7,0,0,0
2023-10-05 3:00:00,18.5,73,471,15.5,0,0,0
2023-10-05 4:00:00,17.9,74,475,15.2,0,0,0
2023-10-05 5:00:00,17.5,74,476,14.5,0,0,0
2023-10-05 6:00:00,16.6,74,478,13.8,0,0,0
2023-10-05 7:00:00,17.2,75,485,15,0,0,19
2023-10-05 8:00:00,19.4,70,467,17.1,0,0,42
2023-10-05 9:00:00,24.5,34,412,25.2,0,0,260
2023-10-05 10:00:00,25.2,26,421,25.8,0,0,929
2023-10-05 11:00:00,26.1,24,416,25.6,0,0,277
2023-10-05 12:00:00,26.8,23,414,26.1,0,0,1221
2023-10-05 13:00:00,27.8,24,396,27.6,0,0,238
2023-10-05 14:00:00,27.3,25,421,27.4,0,0,207
2023-10-05 15:00:00,26.9,28,402,25.6,0,0,124
2023-10-05 16:00:00,24.2,25,413,21.8,0,0,23
2023-10-05 17:00:00,23,31,405,20,0,0,0
2023-10-05 18:00:00,20.1,43,425,16.6,0,0,0
2023-10-05 19:00:00,18,65,445,15.5,0,0,0
2023-10-05 20:00:00,17.3,71,500,14.9,0,0,0
2023-10-05 21:00:00,17.5,73,521,15,0,0,0
2023-10-05 22:00:00,17.2,74,528,14.8,0,0,0
2023-10-05 23:00:00,16.8,75,526,14.3,0,0,0
2023-10-06 0:00:00,16.8,76,527,14.5,0,0,0
2023-10-06 1:00:00,16.8,75,538,14.1,0,0,0
2023-10-06 2:00:00,16.5,76,539,14,0,0,0
2023-10-06 3:00:00,16.4,76,540,14,0,0,0
2023-10-06 4:00:00,16.3,76,541,13.8,0,0,0
2023-10-06 5:00:00,16.1,76,547,13.7,0,0,0
2023-10-06 6:00:00,15.9,75,546,13.3,0,0,0
2023-10-06 7:00:00,16.3,75,538,14.1,0,0,34
2023-10-06 8:00:00,19.7,71,518,18.8,0,0,83
2023-10-06 9:00:00,24.9,49,458,23.7,0,0,289
2023-10-06 10:00:00,25.4,30,423,26.3,0,0,934
2023-10-06 11:00:00,25,29,421,23,0,0,554
2023-10-06 12:00:00,27.2,26,427,25.7,0,0,940
2023-10-06 13:00:00,29,24,427,27.8,0,0,177
2023-10-06 14:00:00,27.8,29,423,26.7,0,0,161
2023-10-06 15:00:00,26,30,428,23.5,0,0,192
2023-10-06 16:00:00,25.5,33,419,23.2,0,0,113
2023-10-06 17:00:00,23.4,44,417,20.4,0,0,46
2023-10-06 18:00:00,19.9,57,451,16.9,0,0,0
2023-10-06 19:00:00,19.6,64,464,17.1,0,0,0
2023-10-06 20:00:00,19.6,68,467,16.8,0,0,0
2023-10-06 21:00:00,19.3,69,468,16.4,0,0,0
2023-10-06 22:00:00,19.1,71,468,16.4,0,0,0
2023-10-06 23:00:00,18.9,75,484,16.3,0,0,0
2023-10-07 0:00:00,18.7,75,501,16.2,0,0,0
2023-10-07 1:00:00,18.5,76,512,16,0,0,0
2023-10-07 2:00:00,18,76,514,15.4,0,0,0
2023-10-07 3:00:00,17.2,74,513,14.5,0,0,0
2023-10-07 4:00:00,16.4,74,523,13.6,0,0,0
2023-10-07 5:00:00,15.7,75,524,13.1,0,0,0
2023-10-07 6:00:00,15.9,76,529,13.4,0,0,0
2023-10-07 7:00:00,16.5,75,532,14.1,0,0,21
2023-10-07 8:00:00,19.1,73,525,17.3,0,0,104
2023-10-07 9:00:00,22.6,65,498,21.2,0,0,283
2023-10-07 10:00:00,23.2,45,438,21,0,0,278
2023-10-07 11:00:00,26.8,34,435,25.4,0,0,578
2023-10-07 12:00:00,28.2,33,427,28.4,0,0,881
2023-10-07 13:00:00,26.1,38,423,23.3,0,0,190
2023-10-07 14:00:00,27,39,432,24.1,0,0,196
2023-10-07 15:00:00,26,38,427,23.1,0,0,180
2023-10-07 16:00:00,25.1,42,424,22.4,0,0,101
2023-10-07 17:00:00,23.3,56,427,20.1,0,0,19
2023-10-07 18:00:00,21.4,64,446,18.8,0,0,0
2023-10-07 19:00:00,21,67,450,18.2,0,0,0
2023-10-07 20:00:00,20.5,69,457,17.8,0,0,0
2023-10-07 21:00:00,19.9,71,467,17.3,0,0,0
2023-10-07 22:00:00,19.9,72,460,17.2,0,0,0
2023-10-07 23:00:00,19.9,74,479,17.3,0,0,0
2023-10-08 0:00:00,19.9,74,474,17.1,0,0,0
2023-10-08 1:00:00,19.9,74,474,17.1,0,0,0
2023-10-08 2:00:00,19.8,74,473,16.9,0,0,0
2023-10-08 3:00:00,19.9,76,485,17.1,0,0,0
2023-10-08 4:00:00,19.8,77,502,17.1,0,0,0
2023-10-08 5:00:00,19.7,77,506,17,0,0,0
2023-10-08 6:00:00,19.7,78,519,17,0,0,0
2023-10-08 7:00:00,19.8,78,528,17.3,0,0,14
2023-10-08 8:00:00,21.4,75,523,19.2,0,0,92
2023-10-08 9:00:00,24.2,70,507,22.6,0,0,135
2023-10-08 10:00:00,25.8,48,428,22.5,0,0,314
2023-10-08 11:00:00,25,51,422,22.3,0,0,198
2023-10-08 12:00:00,25.5,49,418,22.9,0,0,247
2023-10-08 13:00:00,26.8,49,415,26,0,0,354
2023-10-08 14:00:00,27.8,40,419,25.7,0,0,394
2023-10-08 15:00:00,27.5,40,418,25.3,0,0,239
2023-10-08 16:00:00,26.9,40,413,24.1,0,0,141
2023-10-08 17:00:00,25.5,46,426,22,0,0,37
2023-10-08 18:00:00,22,59,437,18.9,0,0,0
2023-10-08 19:00:00,21.4,65,452,18.5,0,0,0
2023-10-08 20:00:00,21,68,453,18.2,0,0,0
2023-10-08 21:00:00,20,69,454,17.3,0,0,0
2023-10-08 22:00:00,19.8,72,462,17,0,0,0
2023-10-08 23:00:00,19.1,73,463,16.3,0,0,0
2023-10-09 0:00:00,18.5,74,479,15.7,0,0,0
2023-10-09 1:00:00,18.4,75,486,15.8,0,0,0
2023-10-09 2:00:00,18.7,76,492,16.1,0,0,0
2023-10-09 3:00:00,18.4,76,507,15.8,0,0,0
2023-10-09 4:00:00,18.4,77,508,15.8,0,0,0
2023-10-09 5:00:00,18.4,77,526,15.8,0,0,0
2023-10-09 6:00:00,18.5,77,525,15.8,0,0,0
2023-10-09 7:00:00,18.7,78,534,16.2,0,0,17
2023-10-09 8:00:00,21.4,74,525,19.8,0,0,128
2023-10-09 9:00:00,25.9,64,499,23.6,0,0,222
2023-10-09 10:00:00,26,49,440,24.1,0,0,472
2023-10-09 11:00:00,27,44,449,23.8,0,0,305
2023-10-09 12:00:00,27.8,43,438,25.9,0,0,420
2023-10-09 13:00:00,28.5,39,412,26.1,0,0,226
2023-10-09 14:00:00,29.2,39,425,26.9,0,0,300
2023-10-09 15:00:00,27.7,39,421,25.8,0,0,306
2023-10-09 16:00:00,27.9,42,420,25,0,0,211
2023-10-09 17:00:00,26.2,46,426,23.2,0,0,46
2023-10-09 18:00:00,23.4,54,433,20.4,0,0,0
2023-10-09 19:00:00,21.6,60,429,19.1,0,0,0
2023-10-09 20:00:00,21.1,65,426,18,0,0,0
2023-10-09 21:00:00,20.8,70,448,18,0,0,0
2023-10-09 22:00:00,19.9,73,467,17,0,0,0
2023-10-09 23:00:00,19.7,74,472,16.9,0,0,0
2023-10-10 0:00:00,18.6,74,482,15.8,0,0,0
2023-10-10 1:00:00,18.2,74,501,15.4,0,0,0
2023-10-10 2:00:00,18.6,76,500,16,0,0,0
2023-10-10 3:00:00,17.8,74,519,14.9,0,0,0
2023-10-10 4:00:00,17.1,75,524,14.4,0,0,0
2023-10-10 5:00:00,16.6,74,528,13.9,0,0,0
2023-10-10 6:00:00,16.9,77,529,14.5,0,0,0
2023-10-10 7:00:00,17.7,77,538,15.4,0,0,28
2023-10-10 8:00:00,20.9,73,521,19.1,0,0,118
2023-10-10 9:00:00,25.2,54,456,24.3,0,0,603
2023-10-10 10:00:00,24.9,51,441,23.2,0,0,270
2023-10-10 11:00:00,26.3,45,425,25.1,0,0,450
2023-10-10 12:00:00,29.4,40,438,27.3,0,0,1022
2023-10-10 13:00:00,28.8,39,434,27.8,0,0,536
2023-10-10 14:00:00,27.3,42,437,24.8,0,0,118
2023-10-10 15:00:00,26.2,43,428,23.7,0,0,56
2023-10-10 16:00:00,25.9,44,425,23,0,0,31
2023-10-10 17:00:00,24.9,48,427,21.9,0,0,49
2023-10-10 18:00:00,22.6,60,434,19.5,0,0,0
2023-10-10 19:00:00,21,67,453,17.7,0,0,0
2023-10-10 20:00:00,19.9,73,479,17,0,0,0
2023-10-10 21:00:00,19.4,74,479,16.7,0,0,0
2023-10-10 22:00:00,19.1,74,492,16.2,0,0,0
2023-10-10 23:00:00,18.2,74,501,15.5,0,0,0
2023-10-11 0:00:00,17.6,74,508,14.8,0,0,0
2023-10-11 1:00:00,17.1,74,519,14.3,0,0,0
2023-10-11 2:00:00,16.6,74,524,13.9,0,0,0
2023-10-11 3:00:00,16.4,75,532,13.7,0,0,0
2023-10-11 4:00:00,16.1,74,545,13.3,0,0,0
2023-10-11 5:00:00,15.7,75,544,13,0,0,0
2023-10-11 6:00:00,15.5,75,546,12.7,0,0,0
2023-10-11 7:00:00,15.7,75,548,13.2,0,0,31
2023-10-11 8:00:00,19.2,74,534,18.4,0,0,118
2023-10-11 9:00:00,24.9,49,445,23.3,0,0,608
2023-10-11 10:00:00,28.5,36,435,28.2,0,0,921
2023-10-11 11:00:00,28.2,33,425,25.1,0,0,161
2023-10-11 12:00:00,28.3,31,423,25.9,0,0,199
2023-10-11 13:00:00,28.9,36,424,27,0,0,164
2023-10-11 14:00:00,28.5,29,425,25.8,0,0,118
2023-10-11 15:00:00,28.2,33,426,26.2,0,0,70
2023-10-11 16:00:00,29.1,34,427,25.5,0,0,136
2023-10-11 17:00:00,25.6,39,423,22.4,0,0,39
2023-10-11 18:00:00,22.4,52,450,18.8,0,0,0
2023-10-11 19:00:00,19.8,65,466,16.6,0,0,0
2023-10-11 20:00:00,18.6,69,471,15.6,0,0,0
2023-10-11 21:00:00,17.8,71,492,15,0,0,0
2023-10-11 22:00:00,17.3,71,501,14.3,0,0,0
2023-10-11 23:00:00,16.7,72,504,13.8,0,0,0
2023-10-12 0:00:00,16.3,72,503,13.3,0,0,0
2023-10-12 1:00:00,15.9,73,521,13.1,0,0,0
2023-10-12 2:00:00,15.7,73,522,12.8,0,0,0
2023-10-12 3:00:00,15.4,73,523,12.5,0,0,0
2023-10-12 4:00:00,15.1,74,525,12.3,0,0,0
2023-10-12 5:00:00,14.8,73,520,11.8,0,0,0
2023-10-12 6:00:00,14.4,73,533,11.3,0,0,0
2023-10-12 7:00:00,14.4,75,527,11.9,0,0,26
2023-10-12 8:00:00,18.3,74,515,18,0,0,105
2023-10-12 9:00:00,24.1,46,439,24.1,0,0,627
2023-10-12 10:00:00,28.4,35,452,28.4,0,0,686
2023-10-12 11:00:00,28.5,32,430,24.7,0,0,192
2023-10-12 12:00:00,27.6,34,429,24.4,0,0,153
2023-10-12 13:00:00,28.9,30,416,26.2,0,0,166
2023-10-12 14:00:00,28.7,31,429,26.3,0,0,118
2023-10-12 15:00:00,28.3,30,427,25.6,0,0,72
2023-10-12 16:00:00,27.6,32,413,24.5,0,0,38
2023-10-12 17:00:00,25.4,41,435,21.6,0,0,0
2023-10-12 18:00:00,21.7,54,464,18.1,0,0,0
2023-10-12 19:00:00,20.9,62,461,17.6,0,0,0
2023-10-12 20:00:00,20,65,472,16.7,0,0,0
2023-10-12 21:00:00,19.7,67,487,16.6,0,0,0
2023-10-12 22:00:00,19.6,68,482,16.4,0,0,0
2023-10-12 23:00:00,19.3,69,479,16.1,0,0,0
2023-10-13 0:00:00,18.7,73,487,15.8,0,0,0
2023-10-13 1:00:00,18.5,74,497,15.8,0,0,0
2023-10-13 2:00:00,18.6,74,507,15.8,0,0,0
2023-10-13 3:00:00,18.4,74,516,15.6,0,0,0
2023-10-13 4:00:00,18.1,74,528,15.2,0,0,0
2023-10-13 5:00:00,17.7,74,526,14.9,0,0,0
2023-10-13 6:00:00,17.4,75,522,14.6,0,0,0
2023-10-13 7:00:00,17.7,75,524,15.2,0,0,0
2023-10-13 8:00:00,19.6,74,523,17.7,0,0,32
2023-10-13 9:00:00,23.3,69,488,22.7,0,0,108
2023-10-13 10:00:00,24.7,48,419,22,0,0,86
2023-10-13 11:00:00,26.5,45,414,24.2,0,0,132
2023-10-13 12:00:00,27.1,37,420,24,0,0,78
2023-10-13 13:00:00,27,39,425,24.1,0,0,56
2023-10-13 14:00:00,26,40,417,23.4,0,0,88
2023-10-13 15:00:00,26.5,39,422,23.6,0,0,204
2023-10-13 16:00:00,25.2,44,459,22.5,0,0,79
2023-10-13 17:00:00,23.8,46,429,20.9,0,0,21
2023-10-13 18:00:00,21.3,60,479,18.4,0,0,0
2023-10-13 19:00:00,20.4,66,480,18,0,0,0
2023-10-13 20:00:00,19.9,71,475,16.8,0,0,0
2023-10-13 21:00:00,19.4,72,487,16.3,0,0,0
2023-10-13 22:00:00,18.4,74,497,15.6,0,0,0
2023-10-13 23:00:00,17.3,74,511,14.4,0,0,0
2023-10-14 0:00:00,16.4,73,514,13.7,0,0,0
2023-10-14 1:00:00,15.9,74,519,13.2,0,0,0
2023-10-14 2:00:00,15.6,74,517,12.8,0,0,0
2023-10-14 3:00:00,15.3,75,520,12.7,0,0,0
2023-10-14 4:00:00,15.6,75,528,12.8,0,0,0
2023-10-14 5:00:00,15.6,76,523,12.9,0,0,0
2023-10-14 6:00:00,15.8,77,529,13.2,0,0,0
2023-10-14 7:00:00,16.7,77,522,14.3,0,0,18
2023-10-14 8:00:00,18.9,74,512,17,0,0,193
2023-10-14 9:00:00,21.6,71,492,18.3,0,0,95
2023-10-14 10:00:00,25.1,46,411,22.4,0,0,402
2023-10-14 11:00:00,25.7,41,403,23.4,0,0,496
2023-10-14 12:00:00,26.5,45,412,23.9,0,0,187
2023-10-14 13:00:00,25.9,45,409,22.1,0,0,18
2023-10-14 14:00:00,25.5,54,442,23.2,0,0,61
2023-10-14 15:00:00,25.9,43,411,22.7,0,0,67
2023-10-14 16:00:00,24.5,45,406,21.2,0,0,8
2023-10-14 17:00:00,22.5,48,402,19.3,0,0,0
2023-10-14 18:00:00,20.5,58,410,17,0,0,0
2023-10-14 19:00:00,18.8,74,435,16,0,0,0
2023-10-14 20:00:00,18.4,76,448,15.8,0,0,0
2023-10-14 21:00:00,18,75,463,15,0,0,0
2023-10-14 22:00:00,17.2,74,466,14.2,0,0,0
2023-10-14 23:00:00,16.6,75,478,13.7,0,0,0
2023-10-15 0:00:00,16.2,75,484,13.3,0,0,0
2023-10-15 1:00:00,16.1,75,487,13.1,0,0,0
2023-10-15 2:00:00,15.7,74,496,12.6,0,0,0
2023-10-15 3:00:00,15.2,74,498,12.2,0,0,0
2023-10-15 4:00:00,14.8,74,507,11.9,0,0,0
2023-10-15 5:00:00,14.6,75,513,11.6,0,0,0
2023-10-15 6:00:00,14.4,75,508,11.5,0,0,0
2023-10-15 7:00:00,14.8,75,507,12,0,0,29
2023-10-15 8:00:00,18,73,502,17,0,0,180
2023-10-15 9:00:00,22.8,60,439,21.7,0,0,324
2023-10-15 10:00:00,24.7,49,417,23.7,0,0,715
2023-10-15 11:00:00,25.4,47,411,24.6,0,0,355
2023-10-15 12:00:00,25.4,47,415,24.2,0,0,920
2023-10-15 13:00:00,25.8,45,406,22.8,0,0,257
2023-10-15 14:00:00,28.9,38,415,28.1,0,0,333
2023-10-15 15:00:00,26.5,43,410,23.9,0,0,254
2023-10-15 16:00:00,25.6,44,408,23.3,0,0,204
2023-10-15 17:00:00,23.5,52,408,20.6,0,0,45
2023-10-15 18:00:00,21.4,59,409,18.6,0,0,0
2023-10-15 19:00:00,19.9,62,403,17.2,0,0,0
2023-10-15 20:00:00,18.5,70,419,15.6,0,0,0
2023-10-15 21:00:00,17.7,72,436,14.8,0,0,0
2023-10-15 22:00:00,17.2,72,450,14.3,0,0,0
2023-10-15 23:00:00,16.9,73,460,14,0,0,0
2023-10-16 0:00:00,16.4,73,468,13.4,0,0,0
2023-10-16 1:00:00,16.3,73,475,13.3,0,0,0
2023-10-16 2:00:00,16.2,75,480,13.5,0,0,0
2023-10-16 3:00:00,16.4,76,482,13.7,0,0,0
2023-10-16 4:00:00,16,73,492,12.7,0,0,0
2023-10-16 5:00:00,15.4,73,509,12.3,0,0,0
2023-10-16 6:00:00,15,73,508,11.8,0,0,0
2023-10-16 7:00:00,14.8,73,506,12,0,0,24
2023-10-16 8:00:00,17.9,72,493,16.4,0,0,107
2023-10-16 9:00:00,23,52,428,20.1,0,0,265
2023-10-16 10:00:00,23.6,42,404,21.5,0,0,233
2023-10-16 11:00:00,23.9,41,400,21.2,0,0,218
2023-10-16 12:00:00,26.4,35,416,24.7,0,0,268
2023-10-16 13:00:00,27.7,33,392,24.1,0,0,233
2023-10-16 14:00:00,27.7,33,408,27.3,0,0,380
2023-10-16 15:00:00,26.5,30,404,23.8,0,0,209
2023-10-16 16:00:00,24.2,33,406,21,0,0,123
2023-10-16 17:00:00,21.2,38,397,18.2,0,0,29
2023-10-16 18:00:00,19.2,48,400,16.3,0,0,0
2023-10-16 19:00:00,17.1,66,425,14.1,0,0,0
2023-10-16 20:00:00,15.9,70,433,13,0,0,0
2023-10-16 21:00:00,15.4,70,444,12.3,0,0,0
2023-10-16 22:00:00,14.8,70,453,11.6,0,0,0
2023-10-16 23:00:00,14.1,70,460,11,0,0,0
2023-10-17 0:00:00,13.7,70,474,10.4,0,0,0
2023-10-17 1:00:00,13.2,71,472,10.1,0,0,0
2023-10-17 2:00:00,12.8,71,477,9.7,0,0,0
2023-10-17 3:00:00,12.5,71,486,9.4,0,0,0
2023-10-17 4:00:00,12.2,71,480,8.9,0,0,0
2023-10-17 5:00:00,11.7,71,486,8.6,0,0,0
2023-10-17 6:00:00,11.4,71,492,8.2,0,0,0
2023-10-17 7:00:00,11.4,71,489,8.5,0,0,20
2023-10-17 8:00:00,15.1,72,532,13.9,0,0,98
2023-10-17 9:00:00,20.8,51,434,19,0,0,257
2023-10-17 10:00:00,26,31,418,26,0,0,927
2023-10-17 11:00:00,24.6,30,417,25.4,0,0,693
2023-10-17 12:00:00,26.8,25,411,25,0,0,1234
2023-10-17 13:00:00,28.3,25,406,26.3,0,0,673
2023-10-17 14:00:00,25.5,30,399,23.5,0,0,122
2023-10-17 15:00:00,25.1,31,398,23,0,0,65
2023-10-17 16:00:00,24.1,35,414,21.8,0,0,30
2023-10-17 17:00:00,22.8,43,406,19.9,0,0,30
2023-10-17 18:00:00,20,52,410,17.2,0,0,0
2023-10-17 19:00:00,17.8,66,433,14.6,0,0,0
2023-10-17 20:00:00,16.5,70,442,13.6,0,0,0
2023-10-17 21:00:00,15.6,71,451,12.8,0,0,0
2023-10-17 22:00:00,14.9,71,458,12.1,0,0,0
2023-10-17 23:00:00,14.4,71,467,11.5,0,0,0
2023-10-18 0:00:00,13.9,72,477,11,0,0,0
2023-10-18 1:00:00,13.4,71,483,10.5,0,0,0
2023-10-18 2:00:00,13,72,490,10,0,0,0
2023-10-18 3:00:00,12.7,72,483,9.8,0,0,0
2023-10-18 4:00:00,12.3,72,493,9.5,0,0,0
2023-10-18 5:00:00,12.1,72,500,9.2,0,0,0
2023-10-18 6:00:00,11.8,72,497,8.9,0,0,0
2023-10-18 7:00:00,12,73,496,9.5,0,0,24
2023-10-18 8:00:00,15.6,71,484,14.1,0,0,119
2023-10-18 9:00:00,21.1,65,472,19.4,0,0,138
2023-10-18 10:00:00,26.5,36,450,25,0,0,875
2023-10-18 11:00:00,23.9,42,429,23,0,0,168
2023-10-18 12:00:00,26.8,32,427,24.7,0,0,194
2023-10-18 13:00:00,29.3,33,442,27.2,0,0,545
2023-10-18 14:00:00,28,34,422,25.5,0,0,115
2023-10-18 15:00:00,28,36,416,25.6,0,0,61
2023-10-18 16:00:00,26.9,38,420,23.7,0,0,33
2023-10-18 17:00:00,24.3,45,423,21.2,0,0,23
2023-10-18 18:00:00,20.8,60,440,17.6,0,0,0
2023-10-18 19:00:00,19,69,447,16,0,0,0
2023-10-18 20:00:00,18,72,453,15,0,0,0
2023-10-18 21:00:00,17.4,73,467,14.6,0,0,0
2023-10-18 22:00:00,16.7,73,479,13.9,0,0,0
2023-10-18 23:00:00,16.4,74,507,13.5,0,0,0
2023-10-19 0:00:00,16,74,524,13.3,0,0,0
2023-10-19 1:00:00,16,74,538,13,0,0,0
2023-10-19 2:00:00,15.3,74,543,12.5,0,0,0
2023-10-19 3:00:00,15.4,75,559,12.7,0,0,0
2023-10-19 4:00:00,15.6,75,562,12.7,0,0,0
2023-10-19 5:00:00,15,75,571,12.2,0,0,0
2023-10-19 6:00:00,15.5,76,574,12.8,0,0,0
2023-10-19 7:00:00,16.4,77,583,13.8,0,0,18
2023-10-19 8:00:00,18.9,72,536,16.5,0,0,72
2023-10-19 9:00:00,20.6,73,572,18.7,0,0,105
2023-10-19 10:00:00,23.5,63,506,20.9,0,0,259
2023-10-19 11:00:00,25.9,51,422,23.5,0,0,809
2023-10-19 12:00:00,28.5,46,415,25.7,0,0,297
2023-10-19 13:00:00,28.9,45,414,27.4,0,0,476
2023-10-19 14:00:00,27,49,413,25.1,0,0,239
2023-10-19 15:00:00,25.2,57,398,22.8,0,0,88
2023-10-19 16:00:00,22.3,69,405,19.2,0,0,21
2023-10-19 17:00:00,22.1,73,461,19.1,0,0,0
2023-10-19 18:00:00,21.8,74,467,18.6,0,0,0
2023-10-19 19:00:00,21.3,76,483,18.4,0,0,0
2023-10-19 20:00:00,21,77,488,18.2,0,0,0
2023-10-19 21:00:00,20.8,77,491,18.1,0,0,0
2023-10-19 22:00:00,20.4,77,501,17.5,0,0,0
2023-10-19 23:00:00,19.6,77,500,16.7,0,0,0
2023-10-20 0:00:00,18.9,77,510,16.2,0,0,0
2023-10-20 1:00:00,18.6,77,506,16,0,0,0
2023-10-20 2:00:00,18.4,78,514,15.7,0,0,0
2023-10-20 3:00:00,18.2,78,523,15.5,0,0,0
2023-10-20 4:00:00,17.9,77,526,14.9,0,0,0
2023-10-20 5:00:00,17.4,77,522,14.7,0,0,0
2023-10-20 6:00:00,16.9,77,518,14.2,0,0,0
2023-10-20 7:00:00,16.7,77,521,14,0,0,12
2023-10-20 8:00:00,17.2,75,518,14.3,0,0,39
2023-10-20 9:00:00,21.8,58,412,20.6,0,0,105
2023-10-20 10:00:00,22.4,42,402,24.1,0,0,646
2023-10-20 11:00:00,25.4,29,400,23.9,0,0,722
2023-10-20 12:00:00,24.2,28,404,23.4,0,0,236
2023-10-20 13:00:00,26.9,25,409,23.6,0,0,627
2023-10-20 14:00:00,25,25,404,23.3,0,0,377
2023-10-20 15:00:00,23.9,29,411,21.5,0,0,201
2023-10-20 16:00:00,21.7,34,399,19.2,0,0,154
2023-10-20 17:00:00,18.9,44,417,16.9,0,0,19
2023-10-20 18:00:00,17.7,61,441,14.7,0,0,0
2023-10-20 19:00:00,16.3,67,437,13.1,0,0,0
2023-10-20 20:00:00,15.4,69,435,12.2,0,0,0
2023-10-20 21:00:00,14.5,69,439,11.1,0,0,0
2023-10-20 22:00:00,13.8,70,440,10.5,0,0,0
2023-10-20 23:00:00,12.7,69,441,9.3,0,0,0
2023-10-21 0:00:00,12.6,71,447,9.6,0,0,0
2023-10-21 1:00:00,13.1,73,453,10.1,0,0,0
2023-10-21 2:00:00,12.1,70,452,8.7,0,0,0
2023-10-21 3:00:00,11.1,70,462,7.9,0,0,0
2023-10-21 4:00:00,10.7,71,454,7.4,0,0,0
2023-10-21 5:00:00,10.1,71,450,6.9,0,0,0
2023-10-21 6:00:00,9.8,71,462,6.6,0,0,0
2023-10-21 7:00:00,9.7,71,457,6.6,0,0,15
2023-10-21 8:00:00,12.9,70,458,11.6,0,0,89
2023-10-21 9:00:00,19.6,47,412,18.5,0,0,533
2023-10-21 10:00:00,23.7,35,409,20.6,0,0,15
2023-10-21 11:00:00,21.3,46,397,16.9,0,0,16
2023-10-21 12:00:00,19.8,57,400,17.2,0,0,185
2023-10-21 13:00:00,24,46,406,21.2,0,0,167
2023-10-21 14:00:00,25,44,401,22.2,0,0,100
2023-10-21 15:00:00,23.6,34,406,21.1,0,0,188
2023-10-21 16:00:00,21.9,37,408,19.1,0,0,110
2023-10-21 17:00:00,19.4,38,396,16.5,0,0,19
2023-10-21 18:00:00,17.3,49,412,14,0,0,0
2023-10-21 19:00:00,15.5,65,418,12.1,0,0,0
2023-10-21 20:00:00,13.9,68,419,10.7,0,0,0
2023-10-21 21:00:00,13,69,424,9.7,0,0,0
2023-10-21 22:00:00,12.1,70,430,9,0,0,0
2023-10-21 23:00:00,11.6,70,439,8.4,0,0,0
2023-10-22 0:00:00,11.1,70,452,7.9,0,0,0
2023-10-22 1:00:00,10.6,71,456,7.5,0,0,0
2023-10-22 2:00:00,10.3,71,453,7.2,0,0,0
2023-10-22 3:00:00,10,71,455,6.8,0,0,0
2023-10-22 4:00:00,9.8,71,464,6.8,0,0,0
2023-10-22 5:00:00,10.1,72,467,7,0,0,0
2023-10-22 6:00:00,10.1,72,467,7.1,0,0,0
2023-10-22 7:00:00,9.8,72,464,6.8,0,0,17
2023-10-22 8:00:00,13.1,73,475,12.2,0,0,114
2023-10-22 9:00:00,20.1,49,437,17.9,0,0,327
2023-10-22 10:00:00,23.6,37,418,24.7,0,0,706
2023-10-22 11:00:00,24.6,27,419,26.9,0,0,491
2023-10-22 12:00:00,25.3,25,420,21.3,0,0,472
2023-10-22 13:00:00,23,33,414,20.9,0,0,268
2023-10-22 14:00:00,24.3,35,417,22.5,0,0,499
2023-10-22 15:00:00,23.2,37,408,20,0,0,166
2023-10-22 16:00:00,22.3,41,404,19,0,0,87
2023-10-22 17:00:00,20,54,404,16.9,0,0,20
2023-10-22 18:00:00,18.1,66,438,14.9,0,0,0
2023-10-22 19:00:00,17.5,71,456,14.9,0,0,0
2023-10-22 20:00:00,18,73,484,15.2,0,0,0
2023-10-22 21:00:00,18.1,72,481,15.3,0,0,0
2023-10-22 22:00:00,17.9,72,494,15.2,0,0,0
2023-10-22 23:00:00,18.1,71,509,15.2,0,0,0
2023-10-23 0:00:00,18,72,508,15.1,0,0,0
2023-10-23 1:00:00,17,67,503,13.6,0,0,0
2023-10-23 2:00:00,16.1,68,506,12.9,0,0,0
2023-10-23 3:00:00,15.4,67,519,12.3,0,0,0
2023-10-23 4:00:00,15.1,68,509,12.1,0,0,0
2023-10-23 5:00:00,14.7,67,515,11.5,0,0,0
2023-10-23 6:00:00,14.4,68,523,11.2,0,0,0
2023-10-23 7:00:00,14.4,68,517,11.7,0,0,20
2023-10-23 8:00:00,17,68,493,14.7,0,0,114
2023-10-23 9:00:00,21.5,56,435,20.1,0,0,335
2023-10-23 10:00:00,26.2,43,425,28.1,0,0,716
2023-10-23 11:00:00,25.8,43,427,23.9,0,0,266
2023-10-23 12:00:00,25.7,40,417,27.1,0,0,213
2023-10-23 13:00:00,23.8,41,419,23.7,0,0,190
2023-10-23 14:00:00,24.8,40,414,23.1,0,0,135
2023-10-23 15:00:00,25,40,416,22.7,0,0,83
2023-10-23 16:00:00,24.8,41,416,22.2,0,0,56
2023-10-23 17:00:00,23.1,45,428,19.9,0,0,25
2023-10-23 18:00:00,19.6,60,450,16.3,0,0,0
2023-10-23 19:00:00,18.3,68,468,15.1,0,0,0
2023-10-23 20:00:00,17.8,67,479,14.9,0,0,0
2023-10-23 21:00:00,17.4,66,481,14.5,0,0,0
2023-10-23 22:00:00,16.9,66,489,13.9,0,0,0
2023-10-23 23:00:00,16.4,66,496,13.4,0,0,0
2023-10-24 0:00:00,16,66,500,12.9,0,0,0
2023-10-24 1:00:00,15.7,66,507,12.7,0,0,0
2023-10-24 2:00:00,15.4,66,509,12.3,0,0,0
2023-10-24 3:00:00,15.1,66,521,12.2,0,0,0
2023-10-24 4:00:00,14.9,67,510,12,0,0,0
2023-10-24 5:00:00,14.9,67,512,12,0,0,0
2023-10-24 6:00:00,15.2,68,518,12.3,0,0,0
2023-10-24 7:00:00,15.4,68,516,12.7,0,0,11
2023-10-24 8:00:00,16,70,520,13.6,0,0,120
2023-10-24 9:00:00,21.9,53,443,19.7,0,0,352
2023-10-24 10:00:00,26.2,38,432,24.4,0,0,801
2023-10-24 11:00:00,28.2,28,427,26.7,0,0,868
2023-10-24 12:00:00,25.5,36,424,23.9,0,0,171
2023-10-24 13:00:00,26.1,35,425,24.1,0,0,149
2023-10-24 14:00:00,26,37,417,24.1,0,0,116
2023-10-24 15:00:00,25.7,40,415,22.3,0,0,45
2023-10-24 16:00:00,25.2,44,429,22.5,0,0,112
2023-10-24 17:00:00,24.7,50,432,21,0,0,15
2023-10-24 18:00:00,21.9,62,457,18,0,0,0
2023-10-24 19:00:00,19.7,70,466,16.6,0,0,0
2023-10-24 20:00:00,18.6,70,476,15.5,0,0,0
2023-10-24 21:00:00,18,71,491,14.8,0,0,0
2023-10-24 22:00:00,17.5,71,498,14.2,0,0,0
2023-10-24 23:00:00,17.2,72,510,14.1,0,0,0
2023-10-25 0:00:00,16.9,72,511,13.8,0,0,0
2023-10-25 1:00:00,16.6,72,516,13.3,0,0,0
2023-10-25 2:00:00,16.6,73,515,13.5,0,0,0
2023-10-25 3:00:00,16.5,73,523,13.2,0,0,0
2023-10-25 4:00:00,15.7,72,520,12.4,0,0,0
2023-10-25 5:00:00,15.2,72,527,12.1,0,0,0
2023-10-25 6:00:00,14.8,72,528,11.7,0,0,0
2023-10-25 7:00:00,14.8,73,525,11.8,0,0,10
2023-10-25 8:00:00,16.9,73,530,15.5,0,0,97
2023-10-25 9:00:00,21.9,55,458,19,0,0,239
2023-10-25 10:00:00,25.7,43,443,25,0,0,730
2023-10-25 11:00:00,27,41,413,27.4,0,0,879
2023-10-25 12:00:00,25.8,45,427,23.3,0,0,148
2023-10-25 13:00:00,26.4,45,423,24.1,0,0,135
2023-10-25 14:00:00,26.1,45,417,24.2,0,0,91
2023-10-25 15:00:00,25.9,44,409,23.3,0,0,54
2023-10-25 16:00:00,25.4,47,422,22.9,0,0,106
2023-10-25 17:00:00,24.8,55,455,21,0,0,12
2023-10-25 18:00:00,21.7,65,489,18.3,0,0,0
2023-10-25 19:00:00,21.2,66,499,18.1,0,0,0
2023-10-25 20:00:00,20.7,66,500,17.6,0,0,0
2023-10-25 21:00:00,20.4,66,520,17.3,0,0,0
2023-10-25 22:00:00,20,66,526,16.9,0,0,0
2023-10-25 23:00:00,19.5,65,527,16.3,0,0,0
2023-10-26 0:00:00,19.1,64,523,15.8,0,0,0
2023-10-26 1:00:00,18.9,64,525,15.6,0,0,0
2023-10-26 2:00:00,18.9,67,531,16,0,0,0
2023-10-26 3:00:00,19.7,68,532,16.8,0,0,0
2023-10-26 4:00:00,19.5,67,537,16.4,0,0,0
2023-10-26 5:00:00,18.8,65,531,15.5,0,0,0
2023-10-26 6:00:00,18.4,65,537,15.2,0,0,0
2023-10-26 7:00:00,18.7,66,537,15.8,0,0,8
2023-10-26 8:00:00,20.9,66,525,19.5,0,0,120
2023-10-26 9:00:00,24.8,61,508,20.9,0,0,246
2023-10-26 10:00:00,26.1,53,446,23.5,0,0,532
2023-10-26 11:00:00,26.5,47,414,24.4,0,0,321
2023-10-26 12:00:00,25.7,49,418,24,0,0,124
2023-10-26 13:00:00,26.5,49,407,24.5,0,0,79
2023-10-26 14:00:00,27.1,46,407,24.6,0,0,89
2023-10-26 15:00:00,26.8,47,408,24.1,0,0,53
2023-10-26 16:00:00,26.2,48,418,23.5,0,0,119
2023-10-26 17:00:00,25,58,443,21.7,0,0,11
2023-10-26 18:00:00,23.9,68,446,20.6,0,0,0
2023-10-26 19:00:00,22.7,66,459,18.9,0,0,0
2023-10-26 20:00:00,22.7,69,476,19.3,0,0,0
2023-10-26 21:00:00,22.8,70,479,19.5,0,0,0
2023-10-26 22:00:00,22.8,71,490,19.6,0,0,0
2023-10-26 23:00:00,22.3,68,484,18.6,0,0,0
2023-10-27 0:00:00,21.4,66,502,17.8,0,0,0
2023-10-27 1:00:00,21.2,68,501,18.1,0,0,0
2023-10-27 2:00:00,21.7,69,505,18.8,0,0,0
2023-10-27 3:00:00,21.3,69,513,18.4,0,0,0
2023-10-27 4:00:00,20.7,68,519,17.8,0,0,0
2023-10-27 5:00:00,19.5,64,524,15.9,0,0,0
2023-10-27 6:00:00,18.5,66,543,15.5,0,0,0
2023-10-27 7:00:00,17.8,66,535,14.9,0,0,7
2023-10-27 8:00:00,19.9,66,530,18.7,0,0,102
2023-10-27 9:00:00,22.4,48,428,20.9,0,0,500
2023-10-27 10:00:00,25.7,38,422,24.2,0,0,653
2023-10-27 11:00:00,25.8,35,411,25.2,0,0,781
2023-10-27 12:00:00,23.5,36,408,22.3,0,0,156
2023-10-27 13:00:00,24.7,36,408,22.7,0,0,139
2023-10-27 14:00:00,24.9,36,408,22.8,0,0,98
2023-10-27 15:00:00,24.8,35,409,22.4,0,0,51
2023-10-27 16:00:00,25.4,46,413,23.2,0,0,99
2023-10-27 17:00:00,24.7,58,420,20.9,0,0,10
2023-10-27 18:00:00,21.4,64,438,18.3,0,0,0
2023-10-27 19:00:00,20.6,63,453,17.3,0,0,0
2023-10-27 20:00:00,19.9,63,484,16.4,0,0,0
2023-10-27 21:00:00,19.4,64,503,16.3,0,0,0
2023-10-27 22:00:00,19.1,64,521,15.8,0,0,0
2023-10-27 23:00:00,18.5,64,528,15.2,0,0,0
